Recipe Name,YouTube URL
JAMAICAN STEW MEATBALLS & BUTTERBEANS AND RICE AND BEANS,https://youtu.be/6z8hczGdszs
STICKY MANGO JERK CHICKEN WINGS,https://youtu.be/c6og2emdYNQ
SENSATIONAL SPICY ROASTED GARLIC CHICKEN SHAWARMA ON A POMEGRANATE,https://youtu.be/mcCmwmHzWFY
LOVE ME FOR LIFE SALMON CREAMY GARLIC HERB CAJUN SALMON,https://youtu.be/kroN5QtMLhw
STUFFED CURRY GOAT FRIED DUMPLING,https://youtu.be/gN7fg1sSuU0
JERK CHICKEN PLANTAIN FOCACCIA BREAD,https://youtu.be/Lg_i5yIdXsY
HONEY CHIPOTLE CHICKEN WRAP WITH A PINEAPPLE SALSA AND GUACAMOLE,https://youtu.be/xAQ9iz3JKb8
CRISPY JAMAICAN SALTFISH FRITTERS,https://youtu.be/eWyY1rbheWg
FALL OF THE BONE BAKED CAJUN SMOTHERED CHICKEN & VEG + CAJUN RICE,https://youtu.be/YxPNssYEsqo
SWEET PERUVIAN LAMB CHOPS & GREEN SAUCE,https://youtu.be/9O7FlMVqMiM
SWEET HONEY JERK BBQ CHICKEN ON A CAN & YELLOW SEASONED RICE,https://youtu.be/zi_60k9ejvE
SUPER TASTY JAMAICAN ESCOVITCH FISH,https://youtu.be/hvV6M6nYNgU
JAMAICAN FESTIVAL,https://youtu.be/pVIBPiabwH4
MOUTHWATERING MINT TANDOORI LEG OF LAMB WITH TANDOORI HASSLEBACK POTATOES & MINT SAUCE,https://youtu.be/yVwX8EBmbBg
BEST EVER JAMAICAN SPICE HOT CROSS BUN & CHEESE,https://youtu.be/esrc6CvVmSg
JAMAICAN CURRY STEAM SALMON,https://youtu.be/RjB7GWp3aRY
VEGETABLE EGG FRIED RICE,https://youtu.be/yvZJFdeKvO8
CRISPY HONEY CHILLI GARLIC CHICKEN,https://youtu.be/Jzem1poVfTQ
MOUTHWATERING CHIPOTLE SMOTHERED LAMB STEAK,https://youtu.be/RuRgkM-D1jM
LEMON PEPPER GARLIC PARMESAN CHICKEN LEG,https://youtu.be/SgRj2imelIc
NEXT LEVEL  SCOTCH BONNET SHAWARMA CHICKEN WRAP WITH PEPPER GARLIC SAUCE,https://youtu.be/XlZiyQhSSWU
MOUTHWATERING HOT HONEY JERK WHITE FISH & BROCOLLINI,https://youtu.be/GH3aKCK2TWA
JAMAICAN STEAMED CABBAGE + SALTFISH,https://youtu.be/YLo73h8XeUM
"JAMAICAN BROWN STEW CHICKEN, BUTTER BEANS & SPINACH",https://youtu.be/9HnqWrKs2os
THE BEST PUMPKIN COCONUT SEASONED RICE,https://youtu.be/jDfYf4kTH2o
SWEET & SPICY PEPPER WHOLE CHICKEN FOIL PACK WITH A SWEET CHILLI POMEGRANATE MINT SAUCE,https://youtu.be/rNvjtVmGDj0
JAMAICAN LAMB AND PUMPKIN SOUP,https://youtu.be/uSA3lgMtI_s
JERK PRAWN FAJITA TACOS WITH A SCOTCH BONNET GUACAMOLE,https://youtu.be/kNF366CU6LQ
BRAISED JERK BBQ LIME SALMON AND SPICY YELLOW RICE,https://youtu.be/jRrDXvOPusQ
LEMON PEPPER GARLIC BUTTER BUTTERFLY DRUMSTICKS,https://youtu.be/FE8oqEzNyes
CAJUN LEMON GARLIC BUTTER CRISS CROSS CHICKEN & VEG,https://youtu.be/I6qbXscacl0
FALL OF THE BONE SMOTHERED CREOLE LAMB CHOPS & BROCOLLINI,https://youtu.be/PWzgm1TaQOw
ONE PAN STICKY LAS LICK JERK CHICKEN & VEG + RICE AND PEAS,https://youtu.be/IQUiQem8QUY
TASTY STUFFED CHICKEN TIKKA MASALA PASTA SHELLS,https://youtu.be/0eDko_vNqq0
JUICY SWEET CHILLI JALAPEÑO CHICKEN,https://youtu.be/_gghr3E9fpg
BANGING CHIPOTLE TURKEY MEATBALLS IN A ROASTED RED PEPPER TOMATO SAUCE,https://youtu.be/N7SxpmBFKQs
CREAMY COCONUT JERK PRAWNS,https://youtu.be/lmEEjdXCqbQ
JUICY BAKED GARLIC HERB BUTTER JERK LOBSTER STICK,https://youtu.be/bf_YJLSQWhs
JAMAICAN BROWN STEW LAMB STEAK,https://youtu.be/DUyMf7bCj1c
SUPER FLAVOURFUL ACKEE SALTFISH VEGETABLE SEASONED RICE,https://youtu.be/MQhWoUp2r5Y
SENSATIONAL PULL APART CURRY CHICKEN COCO BREAD BOATS,https://youtu.be/-ZX8Wl-b2pQ
MOUTHWATERING SUPER BOWL CHEESY STUFFED JERK TURKEY AND PLANTAIN PITTAS,https://youtu.be/fKYz0a7A2DQ
BANGING INDIAN STYLE BAKED CRISPY BUTTER CHICKEN WINGS,https://youtu.be/o92_yVQ3mz8
INSANE JOLLOF JERK CHICKEN & JOLLOF RICE,https://youtu.be/7xbYdPa5umc
STUFFED MARRY ME CAJUN CHICKEN,https://youtu.be/J0Vwk8Sf2lY
HONEY LIME CHIPOTLE SALMON AND CHIPOTLE RICE,https://youtu.be/D7LFUZuMY7Y
EASY ONE PAN CHICKEN FAJITA & RICE WITH A CILANTRO GLAZE,https://youtu.be/k2J8z8sZWp4
CARIBBEAN STYLE BAKED LEMON PEPPER BUTTERFLY CHICKEN DRUMSTICKS,https://youtu.be/TCtlRTj6tTQ
JERK CHICKEN PLANTAIN SPRING ROLLS,https://youtu.be/ciuQkNWn8rU
GARLIC HERB CHICKEN TIKKA SHAWARMA,https://youtu.be/fUq026LyibA
CREAMY COCONUT JERK SALMON ROLL UPS,https://youtu.be/YDfeIfbSH9s
HONEY SRIRACHA LIME CHICKEN THIGHS,https://youtu.be/79SmGmr8g4w
STICKY CHIPOTLE FYACRACKER BUTTERFLY CHICKEN DRUMSTICKS,https://youtu.be/emz4_mSIiGI
"ROASTED WHOLE GARLIC HERB BUTTER TANDOORI CHICKEN, MINT SAUCE & SPICY INDIAN YELLOW RICE",https://youtu.be/JB2fGqw3cj4
SWEET CHILLI JERK CHICKEN WINGS,https://youtu.be/19sTo4pgFY4
GARLIC HERB BUTTER HARISSA LEG OF LAMB + CHIMICHURRI HARISSA HASSLEBACK POTATOES,https://youtu.be/iHNwCaQ_sAY
SMOTHERED CAJUN MEATBALLS,https://youtu.be/KdlJgx_hY_Q
IRRESISTIBLE CREAMY COCONUT ROASTED RED PEPPER JERK CHICKEN,https://youtu.be/yNe_91MYvXk
JERK TERIYAKI PINEAPPLE CRISS CROSS SALMON ON A BED OF VEG,https://youtu.be/-W5Ki8FP9Kk
JAMAICAN INSPIRED GARLIC HERB PEPPER PRAWNS,https://youtu.be/XcQkYO85zho
INSANELY GOOD CREAMY CHEESY JERK TURKEY SCALLOP POTATOES,https://youtu.be/BACT7c5IHsY
NEW JAMAICAN STEW MUTTON,https://youtu.be/V3t-uFBlyOM
CRISPY GARLIC HERB ROAST POTATOES,https://youtu.be/wD9AW4n9ALs
CAJUN GARLIC BUTTER CORN,https://youtu.be/rNT92ZeYUTU
HOT HONEY GLAZED TURKEY WRAPPED CARROTS,https://youtu.be/O1S1_5relH0
JUICY RED CHIMICHURRI JERK BUTTER TURKEY,https://youtu.be/YxCuN58U9N4
BEST EVER MAC AND CHEESE,https://youtu.be/lHYUvUe-FXM
CARIBBEAN INSPIRED COLLARD GREENS,https://youtu.be/9QUtY3b7Iew
LAS LICK HONEY JERK CHICKEN WRAPPED PATTY PASTRY BLANKET,https://youtu.be/LAIC-fl5vWM
ROASTED GARLIC HERB BUTTER SALMON WITH A YELLOW GARLIC HERB RICE,https://youtu.be/E7L1IgWBU94
INSANE HARISSA JERK SMASH PLANTAIN TACO PIZZA,https://youtu.be/xZ0AlmBjS8A
FALL OF THE BONE HONEY LEMON CAJUN HERB LAMB CHOPS,https://youtu.be/9qH5sxC980w
SPICY THAI CHICKEN AND EGG FRIED RICE,https://youtu.be/Zk_ONw339-g
JERK BBQ BAKED BEANS FRIED DUMPLING BURGERS,https://youtu.be/8qZUYIEUTq4
HEY PAPI CHICKEN,https://youtu.be/EI8EaflY9Zk
ONE PAN TANDOORI CHICKEN & RICE WITH A MINT SAUCE,https://youtu.be/8gAhLOL203E
JUICY SEAFOOD BOIL BOATS WITH A CREAMY CAJUN SAUCE,https://youtu.be/i-ATU-Pk_-U
UNBELIEVABLE CREAMY TOMATO JERK SALMON LASAGNA,https://youtu.be/gjSiJADH7mA
FALL OF THE BONE ROASTED GARLIC CREOLE SMOTHERED CHICKEN,https://youtu.be/Al65c1yS05c
BANGING GARLIC HERB BUTTER CHIPOTLE CHICKEN TACOS,https://youtu.be/Q8N-EkT_4Lk
MOUTHWATERING SLOW BRAISED PERI PERI LAMB AND SPICY PERI PERI RICE,https://youtu.be/qQhGQ7ACRwk
BEST EVER CHEESY LAS LICK JERK CHICKEN ALFREDO GARLIC HARDDOUGH BREAD,https://youtu.be/yO8mivFnASA
JUICY PINEAPPLE TERIYAKI JERK CRISS CROSS CHICKEN & BROCOLLINI,https://youtu.be/SJFXOSox0pA
HONEY LEMON CHIPOTLE HERB ROAST CHICKEN & VEGGIES ON A CAN AND CHEESY MAC N CHEESE,https://youtu.be/M3LfJvsVLBc
SUPER FLAVOURFUL ONE PAN JAMAICAN INSPIRED CHICKEN AND VEGETABLE SEASONED RICE,https://youtu.be/oj4AZYs2isM
CREAMY COCONUT JERK SALMON,https://youtu.be/XWzTMloMnqQ
PULLED STICKY HONEY HARISSA JERK CHICKEN FESTIVAL BAU BUNS,https://youtu.be/WWF4lO5PAwE
BANGING SWEET CHILLI BUFFALO WINGS AND RANCH,https://youtu.be/wAYJ7LMWf7E
BEST EVER ROASTED RED PEPPER BROWN STEW FISH,https://youtu.be/-HkaPWS0YuA
HOT HONEY CAJUN MEATBALLS & BROCOLLINI & CAJUN RICE,https://youtu.be/ThdT6rY6YVc
FINGERLICKING GARLIC HERB BUTTER TANDOORI LAMB CHOPS,https://youtu.be/F_6J_nE8uNk
JUICY JERK BAR-B FRIED CHICKEN,https://youtu.be/9lUerolQi08
HONEY SPICY GARLIC JALAPEÑO CHICKEN,https://youtu.be/cnLygPZuw-M
BEST EVER STUFFED CURRY GOAT PLANTAIN CRUST COCO BREAD PIZZA,https://youtu.be/6Osm3MLAkGk
JAMAICAN FISH TEA SOUP,https://youtu.be/_XiY0yj2Fq8
ONE PAN JUICY LEMON GARLIC HERB BUTTER CHICKEN + WEDGES & GREEN SAUCE,https://youtu.be/9Lb6kA7RzXQ
OUT OF THIS WORLD JERK CHICKEN BIRIYANI,https://youtu.be/RTlFGBwZha4
HONEY GLAZED LIME HARISSA JERK SALMON & HARISSA VEGETABLE RICE,https://youtu.be/mW81YRB8fQc
LEMON HERB HARISSA CHICKEN THIGHS AND GREEN SAUCE,https://youtu.be/cUXe6H1MOFk
JACK DANIELS SCOTCH BONNET GLAZE CHICKEN,https://youtu.be/AKYexBh9TTM
CARIBBEAN FRUIT PUNCH MOJITO,https://youtu.be/BikmRR6Q14s
"WE OUTSIDE!! BBQ GARLIC HERB BUTTER CHICKEN, HONEY AND BBQ JERK WINGS, RICE AND PEAS AND COLESLAW",https://youtu.be/SAyGK6yeg8I
BANGING SWEET CHILLI JERK SALMON WRAPPED PINEAPPLE AND VEG BOATS,https://youtu.be/7wIe6ahDfp8
JAMAICAN CHICKEN STEW PEAS,https://youtu.be/qzFeYw9V1P8
LOAF PAN HONEY GLAZED CAJUN LIME HERB CHICKEN & SOUTHERN STYLE RICE,https://youtu.be/yiupq2ks0FQ
THE BEST JOLLOF STYLE JERK CHICKEN LINGUINE,https://youtu.be/CnWz-QUduKo
TERIYAKI JERK LAMB FRIED RICE,https://youtu.be/U-L8RVcX7HQ
JAMAICAN CURRY WHITE FISH AND SPINNERS,https://youtu.be/5fBsvK1pIJ0
THE FAMOUS ONE PAN JERK TURKEY PLANTAIN LASAGNA,https://youtu.be/6YudR5c84Q4
INSANE CRISPY BAKED CAJUN GARLIC PARMESAN WINGS,https://youtu.be/PRiSFr3euQ4
HOT HONEY CREOLE HERB GLAZED SALMON AND ROASTED GARLIC TURMERIC RICE,https://youtu.be/Oam98kbpc34
BRAISED JERK HERB LAMB CHOPS IN A GARLIC BUTTER SAUCE,https://youtu.be/mMAny1vZcqM
ONE PAN HOT HONEY LOUISIANA CHICKEN & VEG,https://youtu.be/s8iCDTR0wxI
INCREDIBLE HONEY MANGO GLAZED JERK CHICKEN SHAWARMA,https://youtu.be/o4lJJBwTsM8
SO TASTY CREAMY GARLIC PAPRIKA CHICKEN,https://youtu.be/OSSc-kQhMbg
GARLIC HERB BUTTER SMASHED POTATOES,https://youtu.be/2xWj1OwdIH8
SO TASTY ROASTED RED PEPPER PUMPKIN FISH STEW,https://youtu.be/hQSIeFc4a7E
JERK CHICKEN FAJITA WITH A PLANTAIN GUACAMOLE,https://youtu.be/JZ8S_fKLrcw
FINGERLICKING HONEY CHIMICHURRI BUTTERFLY CHICKEN DRUMSTICKS,https://youtu.be/57B92CAVRR0
MOUTHWATERING SLOW BRAISED HARISSA JERK SALMON AND RICE AND PEAS,https://youtu.be/QZ0dq9jQ6B0
SPICY MEXICAN CHICKEN WINGS,https://youtu.be/nazjwP7U1mo
ONE PAN CAJUN CHICKEN & RICE AND GRAVY,https://youtu.be/6ktXt2TniV4
JAMAICAN INSPIRED PEPPER LAMB WITH COCONUT MILK,https://youtu.be/lLNT8gftuEQ
SWEET CHILLI JERK PRAWN DOUGHNUT BURGER IN A COCO BREAD BAGEL,https://youtu.be/nhuokfhqaS0
SLOW BRAISED ROSEMARY AND THYME CHICKEN THIGHS & VEG,https://youtu.be/WxwFOSQLWw0
BANGING ONE PAN CURRY CHICKEN PIE WITH PATTY PASTRY,https://youtu.be/krYH9vExmwY
JUICIEST GARLIC HERB BUTTER GLAZED ROAST CHICKEN,https://youtu.be/aL3cU5lBGZk
FYACRACKER BUTTERFLY CHICKEN DRUMSTICK,https://youtu.be/uzrK-C26NgE
CAJUN LAMB BITES & WEDGES,https://youtu.be/ltiQcbdM_7E
SPICY STICKY THAI CHICKEN WINGS,https://youtu.be/C0BD2LbkJkU
STUFFED JERK CHICKEN PLANTAIN CRUST COCO BREAD PIZZA,https://youtu.be/leUEXqnXxiI
"GARLIC HERB BUTTER CHICKEN TIKKA CHICKEN  LEG, LEMON YELLOW RICE AND MINT SAUCE",https://youtu.be/JDyDN0wGAX4
BANG BANG CHIPOTLE SALMON TACOS,https://youtu.be/vKoMPeQqTmg
BETTER THAN TAKEAWAY STICKY AND CRISPY ORANGE CHICKEN,https://youtu.be/0bDGXz4kJvo
DELICIOUS ROASTED RED PEPPER LEMON BUTTERFLY SALMON AND YELLOW VEGETABLE RICE,https://youtu.be/NB8ZCveBMIw
JAMAICAN RED PEA SOUP WITH LAMB,https://youtu.be/fye10hne5Gs
STUFFED CHEESY JERK TURKEY PLANTAIN BREAD ROLLS,https://youtu.be/FNKoAz41ouk
SUPER FLAVOURFUL ONE PAN GARLIC HERB BUTTER CHICKEN AND RICE,https://youtu.be/2vZsdg3rrVU
CREAMY SCOTCH BONNET GARLIC PARMESAN CHICKEN WINGS,https://youtu.be/wwBKOCGt-_o
HONEY JERK FRIED PRAWNS PLANTAIN TACOS + PINEAPPLE SALSA,https://youtu.be/fLXkbh8-5tQ
SLOW BRAISED JERK BBQ LAMB RIBS & POTATOES,https://youtu.be/UIl1zwGl7zs
HOT HONEY LEMON PEPPER FRIED CHICKEN SKEWERS,https://youtu.be/79FRJQCM7io
JAMAICAN BROWN STEW CHICKEN CORN & SPINNERS AND RICE AND PEAS,https://youtu.be/r05Z0J7Ayfg
HONEY CAJUN WHITE FISH IN A GARLIC BUTTER SAUCE & BROCOLLINI,https://youtu.be/Rx0erK-LlMk
JUICY CREOLE CHICKEN STEW,https://youtu.be/B3YZw2lU5lc
FINGERLICKING HONEY HARISSA JERK TURKEY MEATBALLS AND SPICY YELLOW RICE,https://youtu.be/ZoJuA50SvS4
CREAMY COCONUT JERK CHICKEN ROLL UPS,https://youtu.be/QrRyjEHgZoY
CREAMY CHIPOTLE PRAWNS,https://youtu.be/FlvHDflmU9s
MOUTHWATERING BAKED CRISPY SPICY SWEET CHILLI TERIYAKI CHICKEN WINGS,https://youtu.be/6vIoZbkOCGc
HONEY GARLIC HERB LAMB CROWN AND VEG,https://youtu.be/izRxX7Qu1sw
FINGERLICKING CREOLE BBQ CHICKEN DRUMSTICKS,https://youtu.be/r62ZCPNKwe8
ESCOVITCH KING FISH AND FESTIVAL TACOS,https://youtu.be/AIY3yQD6nQQ
JUICY HONEY ROASTED RED PEPPER WHOLE JERK CHICKEN,https://youtu.be/IhOFuVjyjEU
SWEET CHILLI LIME HERB SALMON,https://youtu.be/SyjHjztq3as
BANGING CURRY CHICKEN SHAWARMA,https://youtu.be/OUtmeruMQpU
MOUTHWATERING LAS LICK JERK CHICKEN HOMEMADE PLANTAIN COCO BREAD,https://youtu.be/-RiGecowioQ
THE BEST JAMAICAN PEANUT PUNCH “STRONG BACK’’,https://youtu.be/_GzzT1NxY9A
"GUYANESE INSPIRED PEPPERPOT CHICKEN & BUTTERBEANS, FRIED DUMPLING AND RICE AND PEAS",https://youtu.be/ey7EpbOMYpU
STUFFED HONEY CHIPOTLE LAMB CHOPS & ASPARAGUS,https://youtu.be/B8vek6y9CPU
“LOVE ME FOR LIFE CHICKEN” CREAMY GARLIC HERB CAJUN CHICKEN THIGHS,https://youtu.be/HpDRv88ntmI
BEST EVER JAMAICAN HOT AN SPICY FRIED CHICKEN & GRAVY,https://youtu.be/JwzDJqd0hJE
EASY ONE PAN PEPPER LAMB STIR FRY & WEDGES,https://youtu.be/mUB2Az42RUE
STUFFED JERK MEATBALL BOWLS ON A BED OF JERK TOMATO SAUCE,https://youtu.be/2o1Sajt7yKs
STUFFED JERK SALMON IN A CREAMY COCONUT JERK SAUCE,https://youtu.be/yOJvcuM6FjI
CRISPY HOT HONEY BUFFALO BREADCRUMB BUTTERFLY CHICKEN DRUMSTICKS,https://youtu.be/XDzqDtvk9pU
SENSATIONAL JERK CHICKEN PULL APART PATTY BOATS,https://youtu.be/j3vnEOtGmEM
STICKY SWEET CHILLI SOY GARLIC CHICKEN LEG AND LEMON YELLOW RICE,https://youtu.be/jKaDQc_Pjyc
MOUTHWATERING CHILLI GARLIC BUTTER CHICKEN WINGS,https://youtu.be/quUGjKFMZgk
JERK FRY GENERAL TSO CHICKEN,https://youtu.be/709-VqXx2RQ
TASTY JAMAICAN CHICKEN SOUP,https://youtu.be/-FXgrYiWUOc
JUICY JERK FISH PLANTAIN BURGERS WITH A JERK TARTAR SAUCE AND COLESLAW,https://youtu.be/kcUxCDIirBI
STUFFED CHEESY CURRY GOAT HARDOUGH BREAD,https://youtu.be/6mlKHav-E6I
SCOTCH BONNET PIMEMTO SALMON SEASONED RICE AND HOMEMADE GRAVY,https://youtu.be/K_kEPZLoY14
BANGING CHEESY CAJUN TURKEY MEATBALLS STUFFED PASTA SHELLS IN A TOMATO SAUCE,https://youtu.be/lnA7BJhyPy4
MOIST STICKY TOFFEE UPSIDE DOWN BANANA CAKE,https://youtu.be/YfAZuWskIPU
BANGING CHEESY CURRY CHICKEN PASTRY TWISTS,https://youtu.be/QroOmiHvHhg
"ONE PAN CAJUN CHICKEN, POTATO WEDGES & ALFREDO SAUCE",https://youtu.be/cyWdtFBgeio
IRRESISTIBLE CREAMY COCONUT ROASTED RED PEPPER JERK LAMB CHOPS AND MASH POTATOES,https://youtu.be/yTwUApgCJUU
GIANT YORKSHIRE PUDDING,https://youtu.be/dubk-i60vJ4
SLOW BRAISED HOT HONEY LEMON SCOTCH BONNET CHICKEN THIGHS,https://youtu.be/YLgq8LDtwrs
JUICY HOT HONEY CREOLE POT ROAST CHICKEN,https://youtu.be/LrKAT65har0
FALL OF THE BONE HARISSA JERK LAMB SHANKS AND VEG,https://youtu.be/UKtjvmi3_x4
THE BEST CURRY HERB BUTTER SWEET POTATO STACKS,https://youtu.be/3JHnGChkIBU
"STUFFED ACKEE & SALTFISH AND FRIED PLANTAIN, JERK GRAVY",https://youtu.be/Y7JriSPDwsg
MOUTHWATERING STUFFED BRAIDED CAJUN HERB BUTTER SALMON & GRAVY,https://youtu.be/f_2bJUcHVGk
CAJUN HERB SPICED ROAST POTATOES,https://youtu.be/X5THZxhXbmM
GARLIC HERB TURKEY MEATBALLS IN A LEMON BUTTER SAUCE AND YELLOW GARLIC RICE,https://youtu.be/_oVFJ6a6e1c
BANGING ONE PAN JERK CHICKEN AND JOLLOF RICE,https://youtu.be/u2QmHV-Ve20
THE BEST ROASTED GARLIC PARMESAN CARROTS AND PARSNIPS FRIES,https://youtu.be/yTSFeiMjFMo
ULTIMATE JUICY CHIMICHURRI HONEY JERK TURKEY ON A BEER CAN,https://youtu.be/hlVHHswvRCQ
ONE PAN GARLIC HERB BUTTER LAMB BITES & POTATO WEDGES,https://youtu.be/ujLcU_cep3k
INDO CHINESE CRISPY CHILLI CHICKEN,https://youtu.be/DSnfN4UVICw
FULLY LOADED STUFFED MARRY ME SALMON,https://youtu.be/nGPzA7kzWcQ
PERUVIAN CHICKEN THIGHS AND GREEN SAUCE,https://youtu.be/mT7ExTDGv20
CHEESY PULL APART JERK TURKEY GARLIC HERB COCO BREAD,https://youtu.be/7Y0TjjwuEwg
JUICY SWEET CHILLI JERK CRISS CROSS CHICKEN AND BROCOLLINI,https://youtu.be/6WZkMJOzpb8
TASTY STUFFED STEW CHICKEN FRIED DUMPLING,https://youtu.be/NaWAgXbD_vM
ONE POT JERK CHICKEN AND RICE N PEAS + JERK GRAVY,https://youtu.be/PYC4QC4genY
CHIPOTLE HERB BUTTER CHICKEN AND VEG BOAT,https://youtu.be/nhwayWreR6o
FINGERLICKING HOT HONEY CAJUN SALMON BLANKET STICKS,https://youtu.be/YXBYuEzML54
BEST EVER ROASTED RED PEPPER JAMBALAYA + CREAMY CAJUN SAUCE,https://youtu.be/N73q_Z0ehQg
THE FAMOUS MARRY ME BUTTERFLY CHICKEN DRUMSTICKS,https://youtu.be/q2PXBjB_Lpk
THE BEST JERK CHICKEN CAESAR SALAD,https://youtu.be/iFHXvFja7uw
THE ULTIMATE CRISPY BREADCRUMB PEPPER STEAK HARDDOUGH BREAD SANDWICH,https://youtu.be/lx5aC77ZkPo
AUTHENTIC INDIAN TURKEY MEATBALL CURRY & YELLOW JEERA RICE,https://youtu.be/Zq9wsH5Kpfg
MOUTHWATERING HOT HONEY CHIPOTLE WHITE FISH AND BROCCOLINI,https://youtu.be/mZyT3GKtP8g
JUICY FRIED DUMPLING CURRY CHICKEN BURGERS,https://youtu.be/8Rxn7_IUQ1M
FALL OF THE BONE JAMAICAN INSPIRED BROWN STEW LAMB CHOPS WITH BUTTERBEANS,https://youtu.be/2U0D2Kobemw
SUPER TASTY JAMAICAN INSPIRED PEPPER WINGS,https://youtu.be/e8JX3-ZrTWc
TASTY HONEY CAJUN PRAWNS IN A GARLIC BUTTER SAUCE,https://youtu.be/FevsSVT2UWg
FINGER-LICKING CRISPY JERK BBQ PLANTAIN CRISP CHICKEN TENDERS,https://youtu.be/BhvoO5cU9g8
ULTIMATE STUFFED JERK CHICKEN PLANTAIN FESTIVAL,https://youtu.be/RbhL7lRNhgE
MOUTHWATERING JAMAICAN INSPIRED CURRY GOAT BIRIA TACOS,https://youtu.be/Q4BiNCw7zHs
BEST EVER CRISPY ROASTED GARLIC HERB BUFFALO CHICKEN WINGS,https://youtu.be/oNQtqzEecg0
ONE PAN HOT HONEY CHICKEN FAJITA & VEG,https://youtu.be/K-CHJefF2ys
CREAMY TOMATO STUFFED HARISSA CHICKEN LINGUINE,https://youtu.be/2h4PyEiokzI
BANGING JERK TURKEY LOADED SMASHED POTATOES,https://youtu.be/oBGUDmIwXkI
TASTY SPICY PERUVIAN SALMON + GREEN SAUCE + YELLOW RICE,https://youtu.be/JVBgSir2Gio
SWEET CHILLI JERK HERB WHOLE ROASTED CHICKEN ON A PINEAPPLE AND PINEAPPLE SALSA,https://youtu.be/TmsrOT713T8
FINGERLICKING HONEY CAJUN GARLIC BUTTER WINGS,https://youtu.be/5t6D7M73j5E
CREAMY SPICY CHICKEN & BROCOLLI PASTA BAKE,https://youtu.be/4fKjX2mfR0Q
JUICY JERK BBQ CHICKEN IN A PLANTAIN FLATBREAD WITH COLESLAW,https://youtu.be/xRSAlsuyq_s
SCOTCH BONNET GARLIC PARMESAN SALMON TACOS + SWEETCORN SALSA,https://youtu.be/_ZFL674MNtc
SCOTCH BONNET LEMON TERIYAKI CHICKEN,https://youtu.be/KwoafVB8ECM
BANGING JERK TACO SMASH AND A MANGO SALSA,https://youtu.be/WvH1R-i-WNI
FALL OF THE BONE CAJUN LAMB CHOPS & BROCOLLINI IN A GARLIC BUTTER SAUCE,https://youtu.be/iq6FpQGCOGY
SO TASTY CURRY CHICKEN STUFFED CRISPY FRIED DUMPLINGS,https://youtu.be/TffKcg9vPe4
ONE PAN PERI PERI CHICKEN AND VEG,https://youtu.be/iX8JFeIUDm8
BANGING CHILLI LIME HERB BONELESS CHICKEN THIGHS,https://youtu.be/1is72fVxmtU
TASTY ONE PAN CURRY GOAT AND RICE,https://youtu.be/1bwcouuQrb8
THE BEST CHICKEN TIKKA MASALA,https://youtu.be/_K8Y1Ksof6k
SPICY CRISPY PRAWNS WITH A CREAMY CAJUN SAUCE,https://youtu.be/hussM_vvSBk
BANGING HOT HONEY HARISSA JERK SHAWARMA CHICKEN WITH SWEETCORN SALSA,https://youtu.be/jqkS64nY1LQ
MOUTHWATERING SLOW BRAISED ROSEMARY AND THYME LAMB AND POTATOES,https://youtu.be/K5Cj3t8GbWU
SPICY WHITE FISH IN A TIGER BITE SAUCE & BROCCOLINI,https://youtu.be/gwltFBS6Dew
EASY JUICY BBQ JERK CHICKEN AND BBQ JERK SAUCE,https://youtu.be/eVoGuPhxpK4
THE BEST JAMAICAN RUM PUNCH,https://youtu.be/9RNJ51Yluh0
CREAMY COCONUT CRISS CROSS HARISSA JERK CHICKEN,https://youtu.be/086rvvX0RlQ
HONEY GARLIC HERB SEA BASS AND PRAWN SKEWERS,https://youtu.be/jSrmI1uNiBg
ONE PAN BROWN STEW CHICKEN AND RICE,https://youtu.be/WSZZnSWQU80
TASTY RED CHIMICHURRI TURKEY MEATBALLS LINGUINE,https://youtu.be/HGFGrAGaLAM
EASY SWEET CHILLI JERK SALMON BOAT,https://youtu.be/-lC0uUGhwf8
JAMAICAN INSPIRED CURRY LAMB CHOPS & SPINNERS,https://youtu.be/sZzCxbsVErg
HOT HONEY BUFFALO CHICKEN STIR FRY,https://youtu.be/A7W4NBniXLE
CRISPY HONEY CAJUN CHICKEN TENDERS,https://youtu.be/7-kitquZ8g8
JUICY STUFFED ROASTED RED PEPPER HERB SNAPPER,https://youtu.be/FO0_u8g3Zt0
FALL OF THE BONE STICKY CHIMICHURRI LAMB RIBS,https://youtu.be/vmlCu_aWGt8
SCOTCH BONNET GARLIC PARMESAN CHICKEN AND POTATOE WEDGES,https://youtu.be/0iKvuHis6X8
SALMON RASTA PASTA,https://youtu.be/ILbwNLV2vfo
ONE PAN HONEY JERK CHICKEN WINGS & VEG,https://youtu.be/k3KRQkaNRQE
ESCOVITCH FISH TACOS,https://youtu.be/0QYyL6X6PTY
CAJUN CHICKEN IN A GARLIC BUTTER SAUCE AND BROCCOLI,https://youtu.be/7k3mWZHwEhI
HOT HONEY NASHVILLE JERK CHICKEN BITES STIR FRY,https://youtu.be/zg6jCts9vYE
MOUTHWATERING LEMON GARLIC HERB LAMB CHOPS AND MINT SAUCE,https://youtu.be/LUZkt90VCms
ROASTED RED PEPPER JERK TURKEY PASTA BAKE,https://youtu.be/3MjLWQIB1lc
BANGING STUFFED JERK CHICKEN GARLIC BREAD PIZZA & JERK BBQ SAUCE,https://youtu.be/EMgDPEAdItI
CREAMY CAJUN CHICKEN WINGS,https://youtu.be/rSajqgLALvI
JAMAICAN INSPIRED PEPPER LAMB STEAM CABBAGE,https://youtu.be/fiDavj9YeTA
JAMAICAN INSPIRED BROWN STEW SALMON,https://youtu.be/Gm2_N_Y6SGY
HOT HONEY CHILLI LIME CHICKEN BUTTERFLY DRUMSTICKS,https://youtu.be/s6XuC5HUp0Q
CREAMY COCONUT JERK TURKEY MEATBALLS,https://youtu.be/uMGyNff_1Ss
KOREAN FRIED CHICKEN WING STIR FRY,https://youtu.be/ilE2MIBtNjA
JERK PRAWN FRIED RICE,https://youtu.be/E_6bBo0cUJQ
CREAMY CAJUN BREADED STUFFED CHICKEN PASTA,https://youtu.be/Ffx8Jj5_brc
EASY CHIPOTLE HERB ROAST CHICKEN & VEG,https://youtu.be/lMDcBOdzwH0
ROASTED GARLIC LEMON PEPPER WHITE FISH IN A HERB BUTTER SAUCE & ASPARAGUS,https://youtu.be/oxG2Yc-gwyQ
BEST EVER MAC AND CHEESE,https://youtu.be/mXyzc0D5pc0
SALMON STUFFED PRAWNS IN A CAJUN BUTTER SAUCE,https://youtu.be/qVS0V84pbT4
STICKY HOT HONEY JERK LAMB CHOPS,https://youtu.be/SZ3iu1zzyfw
"ACKEE AND SALTFISH, FRIED DUMPLING MANGO AND CORIANDER PURÉE",https://youtu.be/yWDGWYvLEnU
JAMAICAN INSPIRED BROWN STEW CHICKEN PASTA,https://youtu.be/70LSadRgrKY
CAJUN HONEY GLAZED CHICKEN IN A GARLIC BUTTER SAUCE,https://youtu.be/_-UmKRdU5gA
CHIMICHURRI CHICKEN FOIL PACKS,https://youtu.be/20tIER-gT44
EASY JERK SALMON RICE AND PEAS,https://youtu.be/WdKx2rT0YTw
"SPICY ROASTED RED PEPPER TOMATO CHICKEN, SPICY RICE AND SAUCE",https://youtu.be/-8wkaLSP9NE
SLOW BRAISED ROSEMARY AND THYME LAMB SHEPHERDS PIE,https://youtu.be/f2oYna1WImk
BANGING ONE PAN TANDOORI LAMB CHOPS AND RICE,https://youtu.be/B1PYBpBTs_E
ONE PAN GARLIC HERB BUTTER WHITE FISH & VEG,https://youtu.be/M19HkdOfQFE
CRISPY STUFFED HONEY LEMON PEPPER CHICKEN THIGHS & CHIPOTLE PASTA SALAD,https://youtu.be/3W3CGtsuaVk
JAMAICAN INSPIRED CURRY CHICKEN PASTA,https://youtu.be/pi3Bfz9eK-w
HONEY JERK BBQ MEATBALLS AND TURMERIC RICE,https://youtu.be/AlUpjfkTteA
SOUTHERN FRIED CABBAGE WITH PRAWNS,https://youtu.be/jF8AzhRN3lc
JAMAICAN CREAMY COCONUT FRICASSEE CHICKEN AND BOILED DUMPLINGS,https://youtu.be/mfivk7poFk4
MOUTHWATERING JAMAICAN-INSPIRED BROWN STEW LAMB RIBS,https://youtu.be/nl6C_V6abIU
TASTIEST JOLLOF RICE,https://youtu.be/xkJ0Qherb3I
FALL OF THE BONE HOMEMADE JERK CHICKEN,https://youtu.be/DYHfquC9xLk
HOT HONEY CAJUN CRISS CROSS CHICKEN & VEG,https://youtu.be/kajTBhETrhk
SOUTHERN CRISPY CREOLE FRIED WHITE FISH,https://youtu.be/SPlCZCzsJSk
MOUTHWATERING ONE PAN PEPPER LAMB SEASONED RICE,https://youtu.be/JuEQLn_MFcY
BEST EVER JERK TERIYAKI SALMON,https://youtu.be/JoA2SCNqcyY
TASTIEST CAJUN RICE,https://youtu.be/H2d2la6tBHs
CRISPY STUFFED HERB BUTTER CREOLE CHICKEN,https://youtu.be/VXSXXJnElfA
SPICY GARLIC HERB BUTTER COMPOUND,https://youtu.be/NBGfGq74ryM
"ONE-PAN CAJUN LAMB STEAK, CREAMY CAJUN PRAWNS AND POTATO WEDGES",https://youtu.be/RfO9MaThJW8
"NEW JAMAICAN INSPIRED CURRY GOAT, WHITE RICE AND FRIED PLANTAIN",https://youtu.be/rRTT6wVuMMw
THE BEST CHILLI GARLIC BUTTER NAAN,https://youtu.be/RYSEhLfIv3A
TANDOORI KING FISH AND SWEETCORN SALSA,https://youtu.be/8n0Vt1-il04
FALL OF THE BONE SMOTHERED JERK CHICKEN,https://youtu.be/bpOO4iIHlJw
FINGER-LICKING HONEY CREOLE CHICKEN WINGS,https://youtu.be/_SIUaAYi92g
BANGING CAJUN TURKEY MEATBALLS IN A ROASTED RED PEPPER TOMATO SAUCE LINGUINE,https://youtu.be/UvARVcIYDC0
"BONELESS JAMAICAN INSPIRED BROWN STEW CHICKEN, RICE AND PEAS AND FRIED PLANTAIN",https://youtu.be/P8RmrqIx7pc
INSANE SCOTCH BONNET GARLIC PARMESAN LAMB CHOPS AND MINT SAUCE,https://youtu.be/ttmtJJm3jio
PAN SEARED ROLLED STUFFED SALMON IN A GARLIC HERB BUTTER SAUCE,https://youtu.be/EqNt3l01-2g
IRRESISTIBLE CREAMY COCONUT ROASTED RED PEPPER JERK WHITE FISH AND CREAMY MASH,https://youtu.be/-wzmufAYhO0
STUFFED CHEESY GARLIC PEPPERED LAMB HARDDOUGH BREAD,https://youtu.be/_JzZiyvuCco
CREAMY COCONUT STUFFED JERK CHICKEN PASTA SHELLS,https://youtu.be/KZkeKBBC1eA
XMAS STICKY TOFFEE SPICED APPLE PUDDING,https://youtu.be/OcNyyX6Isg4
CARIBBEAN FIRECRACKER CHICKEN LOLLIPOPS,https://youtu.be/1lYmcyHogeM
JERK HERB CRUSTED ROASTED RACK OF LAMB AND ROAST VEG,https://youtu.be/ROGwaer8tE4
NEW JAMAICAN STEW MUTTON & SPINNERS,https://youtu.be/Q-o5Vtez7dw
SPICY PANKO SZECHUAN WHITE FISH STIR FRY,https://youtu.be/nmfMl9B9Kbs
SWEET CHILLI RUM HERB ROAST DUCK AND ROAST POTATOES,https://youtu.be/ejJuRG3K7bE
JERK CHICKEN STEAM CABBAGE,https://youtu.be/eeh66aFj0d8
HARISSA JERK SALMON BRAID,https://youtu.be/fvIulE1H1NM
CHIMICHURRI STUFFED BONELESS LEG OF LAMB AND HASSELBACK POTATOES,https://youtu.be/AP764l9R12w
CRISPY HONEY JERK CHICKEN WING STIR FRY,https://youtu.be/sNQx-Njmf_U
HONEY JERK FRIED FISH TACOS + SWEETCORN SALSA + JERK MAYO,https://youtu.be/Xga1NDFxrFU
CREAMY PAN SEARED HERB LAMB STEAK IN A SCOTCH BONNET AND PIMENTO SAUCE,https://youtu.be/aXR-TymWyT8
JAMAICAN INSPIRED BONELESS CURRY CHICKEN + WHITE RICE + FRIED PLANTAIN,https://youtu.be/SEY0PH5mAWo
BEST EVER CAJUN CHICKEN MAC AND CHEESE,https://youtu.be/QnjcA7Rd4pQ
MOUTHWATERING SLOW BRAISED MINT + ROSEMARY  LAMB CHOPS,https://youtu.be/vJySyM5rU0E
INCREDIBLY FLAVOURFUL JAMAICAN RICE AND PEAS,https://youtu.be/1Ydt_0_vHik
HOT HONEY LEMON PEPPER ROAST CHICKEN & VEG POT ROAST,https://youtu.be/x3t9pUAfuRM
STUFFED JERK CHICKEN IN A CREAMY COCONUT SAUCE,https://youtu.be/ThnDBd8mvSc
CAJUN SALMON WRAPPED PRAWNS IN A GARLIC HERB BUTTER SAUCE,https://youtu.be/OiJs3R-qRQk
BANGING ONE-PAN HONEY CHIMICHURRI SALMON BITES AND POTATO WEDGES,https://youtu.be/C3u302dGBMI
DELICIOUS ZESTY THREE BEAN SALAD,https://youtu.be/M5YCVIEwe7w
SLOW BRAISED SWEET CHILLI LAMB RIBS AND VEG,https://youtu.be/v6kLV9-Hyms
THE BEST CRISPY SWEET AND SOUR JERK CHICKEN,https://youtu.be/SmnAHeu9CWA
CREAMY COCONUT STUFFED JERK LAMB STEAK ROLL UPS,https://youtu.be/jEdLyMcTr-0
THE BEST TURMERIC LEMON RICE,https://youtu.be/_yGqRGRWDCk
HOT HONEY WHITE FISH IN A GARLIC HERB BUTTER SAUCE AND BROCCOLI,https://youtu.be/NC3_uYRxOEw
JUICY SLOW BRAISED JERK CHICKEN IN A SPICY JERK SAUCE,https://youtu.be/UtRGYnGWsg8
BANGING BBQ JERK FRIED LAMB CHOPS,https://youtu.be/n7Phs8KGRUw
JAMAICAN INSPIRED CHICKEN RED PEA SOUP,https://youtu.be/kR4oYjD4CDI
CREAMY JERK TUSCAN SALMON PASTA,https://youtu.be/tDeIm5Agb34
EASY JAMAICAN INSPIRED CURRY CHICKEN AND CHICKPEA,https://youtu.be/-jFN9693m24
BUSS UP SHOT ROTI,https://youtu.be/Re6BUjNdBZ8
CREAMY JERK TOMATO TURKEY MINCE SHELLS,https://youtu.be/3hnyB8o63xM
SUPER CRISPY BAKED JERK HERB BUTTER CHICKEN,https://youtu.be/qPxk5Bdmhhc
JAMAICAN BROWN STEW SLICED SNAPPER FISH AND PUMPKIN,https://youtu.be/XESLz5MsYRE
HONEY GLAZED GARLIC LEMON HERB CHICKEN &  VEG,https://youtu.be/oZ7wGlfWnlo
CRISPY ESCOVITCH FISH FRIED RICE,https://youtu.be/P6op_7V0jmk
SWEET CHILLI JERK CHICKEN AND POTATO STIR FRY,https://youtu.be/vEiscudQbg8
SLOW BRAISED JERK LAMB RASTA PASTA,https://youtu.be/NrTnx68gg_U
THE BEST CARIBBEAN POTATO SALAD,https://youtu.be/N_-HgaQSzjU
JAMAICAN INSPIRED CURRY TURKEY MEATBALLS,https://youtu.be/9m5AQawYjuQ
CAJUN STUFFED SALMON IN A GARLIC BUTTER SAUCE,https://youtu.be/X7Oiuh87gh8
JAMAICAN INSPIRED LOADED PEPPERED CHICKEN POTATO BOATS,https://youtu.be/eds9XYAH7LA
JAMAICAN INSPIRED BROWN STEW LAMB SHANKS,https://youtu.be/cQJAYVLu6S4
GRILLED BBQ JERK CHICKEN & VEG FOIL PACKS,https://youtu.be/gNEej2g4jRA
JAMAICAN INSPIRED CURRY PRAWN PASTA,https://youtu.be/w5Lg37V7iZE
ONE PAN HONEY JERK HARISSA CHICKEN AND VEG,https://youtu.be/pQu3-S566nk
JAMAICAN LAMB PEPPER POT SOUP,https://youtu.be/3S3hD_ahBk4
SLOW BRAISED ROSEMARY + THYME LAMB CHOPS,https://youtu.be/M2RDO0rS7r4
HOT HONEY NASHVILLE JERK LAMB CHOPS,https://youtu.be/-sB8rtAzRwI
INSANE CRISPY SCOTCH BONNET GARLIC PARMESAN WINGS,https://youtu.be/L_Y1pTnWm-c
JERK CHICKEN TOMATO LASAGNE ROLLS UPS,https://youtu.be/uc8twHTeIuc
JAMAICAN DEVON HOUSE CURRY GOAT PATTIES,https://youtu.be/XI4v8Aooh5A
CRISPY JERK SALMON FRITTERS,https://youtu.be/Iml8xvJAj7Q
THE BEST JAMAICAN CURRY SLICED SNAPPER FISH,https://youtu.be/Pc8qPzONcSQ
MOUTHWATERING NEW ORLEANS CREOLE PRAWNS,https://youtu.be/OOvuKZ19xPk
JAMAICAN PEANUT AND COCONUT DROPS,https://youtu.be/fzk4uetq1xI
ONE-PAN CAJUN HERB BUTTER GLAZED HALVED CHICKEN & VEG,https://youtu.be/9772fiNbgWk
THE BEST GRILLED CHIMICHURRI CHICKEN WINGS,https://youtu.be/zua-F0ZMe3A
MOUTHWATERING CRISPY JERK LAMB IN A SWEET CHILLI SAUCE STIR FRY,https://youtu.be/Qkul-PDol2I
CREAMY CHICKEN FAJITA ROLL-UPS,https://youtu.be/aFCoSinKPP0
MOUTHWATERING JERK LAMB SEEKH KABAB,https://youtu.be/1woDLj2glHU
CHEESY STUFFED GARLIC HERB NAAN,https://youtu.be/hZzVg89LVUE
JAMAICAN INSPIRED BROWN STEW CHICKEN AND DUMPLINGS,https://youtu.be/KfIHCKvihCk
CRISPY HONEY SALT AND PEPPER PRAWNS,https://youtu.be/RiBhRzOnaM0
JERK STUFFED FISH IN A CREAMY COCONUT SAUCE,https://youtu.be/54Fmwct31VU
CRISPY HONEY LEMON PEPPER SALMON,https://youtu.be/GNDJnomMDHg
PERFECTLY JUICY TANDOORI CHICKEN AND POTATOES,https://youtu.be/z3qLBAcOc1I
MOUTHWATERING SLOW BRAISED LAMB COOKED IN A CHIMICHURRI SAUCE,https://youtu.be/oN_-H0t1swY
EASY ONE-PAN PEPPERED CHICKEN AND POTATO WEDGES,https://youtu.be/2UWD0LOxflo
CRISPY CURRY BEER BATTERED FISH,https://youtu.be/uk6vOsZwxo8
MOUTHWATERING SPICY CURRY CHIPS,https://youtu.be/P9zxOw5IjIg
SUPER TASTY SPICY BLACK PEPPER CHICKEN,https://youtu.be/vOatvlz97WM
CHEESY CREAMY CHILLI MAC AND CHEESE,https://youtu.be/Et3KoF4wAuI
FALL OF THE BONE STICKY SLOW COOKED BBQ SCOTCH BONNET LAMB RIBS,https://youtu.be/K9hpb7gOD3s
IRRESISTIBLE CREAMY COCONUT ROASTED RED PEPPER PRAWNS,https://youtu.be/rQ_JUY_VK9g
REFRESHING RUM WATERMELON FRUIT PUNCH SLUSHY,https://youtu.be/6jNDcxOW4jE
MOUTHWATERING ONE-PAN BAKED CURRY CHICKEN AND RICE,https://youtu.be/Nv-5HFHlz9A
THE BEST TURKEY MINCE AND PLANTAIN SHEPHERDS PIE,https://youtu.be/-Hbp467IUY8
BEST EVER JERK CHICKEN BIRIA TACOS,https://youtu.be/kwLcIGIpElg
CAJUN WHITE FISH AND ASPARAGUS IN A SPICY GARLIC BUTTER SAUCE,https://youtu.be/ctTG3jQUoQY
CREAMY COCONUT JERK LAMB CHOPS,https://youtu.be/iKL0To18YZs
SPICY CHICKEN WINGS IN A GARLIC BUTTER SAUCE,https://youtu.be/YKjjatLEEU4
JERK HENNY HOT HONEY CHICKEN TENDERS,https://youtu.be/hm5rFN5eh0U
SALMON STUFFED PUFF PASTRY,https://youtu.be/pK1ZZN4xZUY
STICKY HONEY CHILLI CHICKEN,https://youtu.be/J84NtS8EAds
DELICIOUS JAMAICAN PEPPER PRAWNS,https://youtu.be/pU2CAgkD5YM
JUICY SWEET CHILLI JERK WHOLE ROASTED CHICKEN,https://youtu.be/75Yhvk6tUOQ
JAMAICAN INSPIRED PEPPER LAMB CHOW MEIN,https://youtu.be/fJkUNJ5ni_E
SPICY CHICKEN PARMESAN BUTTERFLY DRUMSTICKS,https://youtu.be/5_ePJ5cfhpA
JAMAICAN INSPIRED RED PEA SOUP WITH SALMON AND PRAWNS,https://youtu.be/Rp2U8UImNRs
SWEET CHILLI JERK GLAZED SALMON IN A GARLIC BUTTER SAUCE,https://youtu.be/SjErcSBoghw
EASY CREAMY CAJUN CHICKEN ALFREDO PASTA,https://youtu.be/chWR5kBZoS0
JAMAICAN INSPIRED BONELESS CURRY CHICKEN WITH SPINACH & SPINNERS,https://youtu.be/FdzU5oAmvSw
JUICIEST SLOW BRAISED MINT & ROSEMARY LEG OF LAMB,https://youtu.be/nvZ1XkvL_Wc
JAMAICAN EASTER SPICE BUN BUNDT,https://youtu.be/aVYPOngWzYg
THE BEST STUFFED ROAST SNAPPER FISH BAKED ON A BED OF INFUSED OIL VEG,https://youtu.be/k5PGCL8eUlM
JUICY ONE PAN BAKED PIMENTO AND SCOTCH BONNET LAMB CHOPS + VEG,https://youtu.be/1N9CIlPdUh0
CRISPY SPICY CHICKEN AND STEAMED CABBAGE,https://youtu.be/71DV5J8jrDg
SPICY CHICKEN WING STEW,https://youtu.be/QZIguGX472Y
MOUTHWATERING JERK TERIYAKI CHICKEN,https://youtu.be/fmYVUYI5BTA
THE BEST BAKED CRISPY  POTATO WEDGES WITH PEPPERS AND SWEETCORN,https://youtu.be/3oRFSvMCkT0
BAKED ESCOVITCH FISH FOIL PACKS,https://youtu.be/AXr4eCdDUC4
CREAMY CAJUN SALMON AND PRAWNS,https://youtu.be/f4ug6KGm0yU
PERI PERI SPICY RICE,https://youtu.be/x7Ghpvlrdak
JUICY PERI PERI ROAST CHICKEN,https://youtu.be/UnWwhuP3J2w
JAMAICAN INSPIRED BROWN STEW SALMON PASTA,https://youtu.be/25lwiCOpSco
CRISPY BUTTERFLY CAJUN GARLIC BUTTER CHICKEN DRUMSTICKS,https://youtu.be/yofnyO7aqMg
VEGAN ROASTED ACKEE CALLALOO SPINACH AND BUTTERBEAN,https://youtu.be/qX7GRiPw9YQ
BAKED SLOW BRAISED BBQ JERK CHICKEN DRUMSTICKS AND POTATOES,https://youtu.be/eqOIDAciZ9E
CRISPY BAKED LEMON PEPPER WINGS,https://youtu.be/cuE7KsUTE0I
JAMAICAN INSPIRED CURRY LAMB CHOPS,https://youtu.be/9lx--GbI7bo
PAN SEARED GARLIC LEMON HERB BUTTER CRISS CROSS CHICKEN BREAST AND BROCCOLI,https://youtu.be/mvGm_9N_nVc
SWEET CHILLI JERK CRISPY FISH STIR FRY,https://youtu.be/MIz8XgIUZb8
BEST EVER HONEY JERK BUFFALO CHICKEN BURGER,https://youtu.be/tIU1CnoqA5U
PRAWNS IN A CREAMY GARLIC PEPPER SAUCE,https://youtu.be/sHuEUhplUVE
CREAMY  CUCUMBER PASTA SALAD,https://youtu.be/Qd1xXE0SOHI
MOUTHWATERING RED CHIMICHURRI WHOLE ROASTED CHICKEN,https://youtu.be/nWuv90XJBF8
JAMAICAN INSPIRED BROWN STEW TURKEY MEATBALLS,https://youtu.be/QXH5kjHGBF0
JERK SALMON FRIED RICE,https://youtu.be/37pSYcKc8XY
THE BEST CAJUN STUFFED CHICKEN,https://youtu.be/yLKo5YSVT3E
JUICY BAKED CAJUN BUTTER LOBSTER TAIL SKEWERS,https://youtu.be/g_dCgb4vMjI
MOUTHWATERING ONE-PAN GARLIC HERB LAMB STEAK AND POTATO WEDGES,https://youtu.be/xRisYI3EPNI
JERK CHICKEN IN A CREAMY COCONUT SAUCE,https://youtu.be/5HUCXtDJ_Qc
MOUTHWATERING CRISPY SPICY HONEY GARLIC GLAZED PRAWNS,https://youtu.be/MzuujqHccTc
JAMAICAN PEPPERED LAMB,https://youtu.be/YNantcc42xk
JERK SALMON AND VEG FOIL PACKS,https://youtu.be/-MoqXVSLftw
THE BEST GRILLED CHIMICHURRI LAMB CHOPS,https://youtu.be/0QbVtkMxpCM
CARIBBEAN CHILLI CON CARNE,https://youtu.be/A-CKnhLDTkI
JUICY ESCOVITCH BAKED PIMENTO &  SCOTCH BONNET DRUMSTICKS,https://youtu.be/71Ikqw0Mvlw
JERK TURKEY MINCE STUFFED PASTA SHELLS,https://youtu.be/Li3R3DfonyU
JAMAICAN INSPIRED CURRY GOAT PIE,https://youtu.be/IiFcb12P0zE
FINGERLICKING SWEET & SPICY CHICKEN WINGS,https://youtu.be/5XmuTJIyDYQ
SO DELICIOUS JAMAICAN INSPIRED CHICKEN SOUP,https://youtu.be/o8uQoyVVy8Q
CREAMY JERK TUSCAN SALMON,https://youtu.be/KXbDYeopHI8
FLAVOURFUL SEASONED RICE,https://youtu.be/RRRRCQTntjs
JUICY BAKED CAJUN CHICKEN AND POTATO WEDGES,https://youtu.be/oy85uLJgUjQ
STICKY TOFFEE PUDDING WITH RUM CARAMEL SAUCE,https://youtu.be/6OaTIZeNjNs
PULL APART JERK CHICKEN PIZZA TWISTS,https://youtu.be/cXYj8txeXrY
VEGETARIAN JERK QUORN SPINACH PLANTAIN WELLINGTON,https://youtu.be/2h7tT8Zhz4Y
HENNESSY HONEY GLAZED GARLIC HERB BUTTER SALMON BRAID,https://youtu.be/l_tumoFIjd4
BEST EVER CRISPIEST GARLIC HERB ROAST POTATOES,https://youtu.be/3IJsnE55oGw
JAMAICAN INSPIRED STEW MUTTON,https://youtu.be/Sgc8i61Jw7c
JUICIEST MINT & ROSEMARY ROASTED LEG OF LAMB,https://youtu.be/ix7XAK966z8
HONEY GLAZED GARLIC HERB BUTTER HASSELBACK CARROTS AND PARSNIPS,https://youtu.be/OQVzgI7BIOk
BEST EVER SEAFOOD BOIL,https://youtu.be/2Vq2tinOF9M
THE BEST JERK TURKEY MEATBALLS IN A JERK TOMATO SAUCE SPAGHETTI,https://youtu.be/dN4W4p-5zvg
ONE POT JERK CHICKEN & RICE AND PEAS,https://youtu.be/jY4RnWqmGII
SUCCULENT SALT AND PEPPER SALMON BITES,https://youtu.be/NqvbYo6KMOA
EASY BAKED JAMAICAN INSPIRED CURRY CHICKEN,https://youtu.be/PJa4sxfrxLY
CREAMY CAJUN PRAWN MAC AND CHEESE,https://youtu.be/2IHddMZ9vxE
MOIST APPLE DAPPLE CAKE WITH A CARAMEL GLAZE,https://youtu.be/2kpbCLgK6cE
JUICY JERK HERB TURKEY LEG,https://youtu.be/26GUGLLQtKk
JAMAICAN INSPIRED BROWN STEW PRAWNS,https://youtu.be/lTp1unpfGA8
HONEY SOY GLAZED CRISPY CHICKEN STIR FRY,https://youtu.be/d7ANOzmQ4UM
JAMAICAN INSPIRED BONELESS STEAM FISH AND CRACKERS,https://youtu.be/ptjFZfF4xhM
PULL APART JERK CHICKEN CHEESY GARLIC HARD DOUGH BREAD + JERK BBQ SAUCE,https://youtu.be/LdtJQ_46nII
JUICY TASTY GINGER AND HONEY GLAZED LAMB CHOPS,https://youtu.be/FEeJxtFMD5I
BEST EVER JUICY JERK TURKEY BURGERS,https://youtu.be/eYR8ubIYOs0
MOUTHWATERING CHILLI GARLIC BUTTER PRAWNS + HERB TOAST,https://youtu.be/pq9_W9TcsuU
CAJUN HONEY GLAZED SALMON IN A GARLIC BUTTER SAUCE,https://youtu.be/lJ6OQuAkhEg
CRISPY BONELESS BROWN STEW CHICKEN,https://youtu.be/DHZCrYydMb4
JUICY JERK HERB LIME BUTTER CORN ON THE COB,https://youtu.be/Vx1wrAv1IPo
DELICIOUS VEGAN CURRY PUMPKIN AND CORN,https://youtu.be/WG14BnAqqA4
CRISPY BAKED HONEY JERK BUFFALO WINGS AND BLUE CHEESE SAUCE,https://youtu.be/xStHr4Dd_pI
JAMAICAN INSPIRED PEPPERED LAMB PIE,https://youtu.be/QR2p6uShHks
BEST EVER JERK HERB POT ROAST,https://youtu.be/pmY684p2R1Q
JAMAICAN CREAMY COLESLAW,https://youtu.be/Fz8iaw6sTzc
MOUTHWATERING SWEET CHILLI GLAZED JERK CHICKEN STIR FRY,https://youtu.be/syx6_coS5gs
JAMAICAN SALTFISH FRITTERS,https://youtu.be/BRXDLU6AjFc
BEST EVER BANANA BREAD,https://youtu.be/mvRJ2gjh7B4
JAMAICAN BONELESS FISH SOUP,https://youtu.be/UuGKSSToIxY
JAMAICAN CURRY PRAWNS,https://youtu.be/vbjiXgJwqSk
BARBECUE JERK CHICKEN DRUMSTICKS,https://youtu.be/qFAFhRkyrEQ
JAMAICAN FRIED DUMPLINGS,https://youtu.be/9-LQB18UV4A
DELICIOUS ACKEE SPINACH AND PLAINTAIN,https://youtu.be/9PiTz6KYZcU
SUCCULENT JERK CHICKEN RASTA PASTA,https://youtu.be/K2R7FMRvCWI
CARAMELISED HONEY CINNAMON GLAZED GRILLED PINEAPPLE,https://youtu.be/IbaUEKS4R-A
JAMAICAN INSPIRED CURRY COCONUT SALMON,https://youtu.be/7BgddVT8PL4
JAMAICAN STEW PEAS WITH LAMB,https://youtu.be/9LOzLAdgrTo
DELICIOUS BAKED MACDONALDS HOT APPLE PIE,https://youtu.be/ZBGOzhP-3lE
JAMAICAN PEPPERED PRAWNS TAGLIATELLE,https://youtu.be/8dBVBq5H2pw
BEST EVER DOUBLES CURRY CHICKPEAS/ FRIED BARRA/ CHUTNEY,https://youtu.be/ixwkHUqCdnE
MOUTHWATERING ONE PAN JERK GARLIC HERB CHICKEN AND POTATO WEDGES,https://youtu.be/99Qd7lIOT6U
JAMAICAN BROWN STEW BONELESS WHITE FISH,https://youtu.be/JHXlscEGy5c
HONEY COCONUT GLAZED CURRY CHICKEN WINGS,https://youtu.be/HT_lwQpBsS4
DELICIOUS JAMAICAN CURRY MUTTON,https://youtu.be/FY-K3MU4syE
BEST EVER JERK CHICKEN,https://youtu.be/Yo_4uZsIr2s
SO DELICIOUS SPICY TEMPURA PRAWNS,https://youtu.be/mSLwoRfP-GU
JUICY TENDER HONEY JERK GLAZED SALMON BRAID,https://youtu.be/lXD6p-AFMB4
JAMAICAN JERK CHICKEN AND CHEESE PATTIES,https://youtu.be/nBp4w4R80UA
JAMAICAN PEANUT PORRIDGE,https://youtu.be/K2ckDq0Dwbk
JAMAICAN CURRY CHICKEN AND SPINNERS,https://youtu.be/fx8luuQIHd4
JERK CHICKEN AND PRAWN FRIED RICE,https://youtu.be/zJRpGNdNymg
JUICY PIMENTO KETCHUP LAMB CHOPS,https://youtu.be/AWlH-agvadI
MOUTHWATERING JAMAICAN BROWN STEW CHICKEN AND CORN,https://youtu.be/9-FEzF4JMAI
PRAWNS SPINACH SWEETCORN FRITTERS,https://youtu.be/QRbwyiR78c4
CARIBBEAN SPICY COCONUT CURRY WHITE FISH,https://youtu.be/jcA2S3pOQ68
ESCOVITCH BONELESS BEER BATTERED FRIED FISH,https://youtu.be/-x9scVKhCf8
GINGER AND HONEY CHICKEN LOLLIPOPS,https://youtu.be/hqRoNie8eoY
JAMAICAN PEPPERED LAMB RASTA PASTA,https://youtu.be/6ds0vudAqDc
JUICY ROASTED PIMENTO & SCOTCH BONNET WHOLE CHICKEN,https://youtu.be/F415FXRblnk
MOUTHWATERING GRILLED JERK LEMON HERB SALMON AND PRAWNS SKEWERS,https://youtu.be/NfoNqQ7RrGU
CRISPY SPICY OVEN FRIED CHICKEN,https://youtu.be/UuMet2ReSMs
GRILLED PEPPER HERB LIME COD FILLETS,https://youtu.be/i1zjppTs5xM
JAMAICAN STYLE CREAMY COCONUT CURRY CHICKEN PASTA,https://youtu.be/hBxKZ7AapOw
JAMAICAN STYLE BROWN STEW MUTTON WITH DUMPLINGS,https://youtu.be/ugp6DhRu1x0
MOUTHWATERING BAKED JERK HERB CHICKEN FOIL PACKS,https://youtu.be/KtS495dD7GE
RUM GLAZED BBQ JERK HERB CHICKEN WINGS,https://youtu.be/-vddTBJQQRM
FATHERS DAY SNICKERS CUPCAKES,https://youtu.be/_VfUdxrAovM
JAMAICAN STEAMED CABBAGE,https://youtu.be/s4tnNtBb844
HONEY GLAZED GARLIC PEPPER PRAWNS AND BROCCOLI,https://youtu.be/Q37IiS2QG2Y
CARIBBEAN INSPIRED SPICY HERB OVEN POT ROAST,https://youtu.be/_Q9XELV00zM
JAMAICAN ACKEE AND SALTFISH,https://youtu.be/3UzZt4lhCcY
PAN SEARED SALMON IN A LEMON GARLIC PEPPER SAUCE,https://youtu.be/amZhOOaR7n8
JAMAICAN CHICKEN SOUP,https://youtu.be/5KYJlGmCyGM
BANGING HONEY GLAZED JERK HENNESSY CHICKEN WINGS,https://youtu.be/cTUlIm8YHQM
INCREDIBLY FLAVOURFUL JAMAICAN RICE AND PEAS RECIPE,https://youtu.be/147uxdX9wnY
SPICY TURMERIC RICE,https://youtu.be/YkT0pFPGteA
THE ULTIMATE JUICY JERK CHICKEN BURGER WITH FRIED PLANTAIN AND JERK MAYO,https://youtu.be/OdHMZdttQm8
JAMAICAN STYLE SPICY CURRY CHICKEN AND PRAWNS,https://youtu.be/lGEHy448L6o
SUPER DELICIOUS CREAMY JERK CHICKEN LINGUINE,https://youtu.be/QX7NYWIdQug
JUICY TENDER HONEY JERK HERB LAMB CHOPS,https://youtu.be/hA6xZmrria0
JAMAICAN CALLALOO AND PRAWNS,https://youtu.be/wxOAXfefBIQ
CARIBBEAN GREEN SEASONING RECIPE,https://youtu.be/gh0atiDlKsk
BEST EVER MAC AND CHEESE,https://youtu.be/chyHBsIvT5A
